-- phpMyAdmin SQL Dump
-- version 5.0.2
-- https://www.phpmyadmin.net/
--
-- Hôte : 127.0.0.1:3306
-- Généré le : ven. 17 sep. 2021 à 04:47
-- Version du serveur :  5.7.31
-- Version de PHP : 7.3.21

SET SQL_MODE = "NO_AUTO_VALUE_ON_ZERO";
START TRANSACTION;
SET time_zone = "+00:00";


/*!40101 SET @OLD_CHARACTER_SET_CLIENT=@@CHARACTER_SET_CLIENT */;
/*!40101 SET @OLD_CHARACTER_SET_RESULTS=@@CHARACTER_SET_RESULTS */;
/*!40101 SET @OLD_COLLATION_CONNECTION=@@COLLATION_CONNECTION */;
/*!40101 SET NAMES utf8mb4 */;

--
-- Base de données : `blogpoo`
--

-- --------------------------------------------------------

--
-- Structure de la table `comments`
--

DROP TABLE IF EXISTS `comments`;
CREATE TABLE IF NOT EXISTS `comments` (
  `id` int(11) NOT NULL AUTO_INCREMENT,
  `author` int(11) NOT NULL,
  `comment` text NOT NULL,
  `article_id` int(11) NOT NULL,
  `status` enum('approuved','intrash','waiting') NOT NULL,
  `created_at` datetime NOT NULL,
  PRIMARY KEY (`id`),
  KEY `fk_author_comment` (`author`),
  KEY `fk_article_id` (`article_id`)
) ENGINE=InnoDB AUTO_INCREMENT=260 DEFAULT CHARSET=latin1;

--
-- Déchargement des données de la table `comments`
--

INSERT INTO `comments` (`id`, `author`, `comment`, `article_id`, `status`, `created_at`) VALUES
(128, 12, '<p>Repudiandae nihil eos voluptates. Tenetur sint consectetur quibusdam. Ipsa quasi porro omnis voluptas pariatur ab.</p><p>Doloribus id sit eius qui. Minima dolor atque omnis occaecati. Est veniam veniam molestias sed ex.</p><p>Alias sit aliquam ullam id veritatis. Repellendus nam ex et necessitatibus beatae reiciendis est. Rerum maiores molestiae beatae recusandae quae sed.</p><p>A magnam expedita rerum quia. Quia iste ut perferendis minima maxime quod quia. Repellendus tempora facilis enim dolore corporis. Nobis inventore qui nobis rem.</p><p>Id officiis error nulla magni velit et itaque. Natus repellat possimus dolores est quos suscipit. Cumque consequatur ab sint nemo saepe corrupti.</p>', 127, 'approuved', '2019-05-09 18:58:27'),
(129, 31, '<p>Cum et id voluptatem hic nisi rerum nisi blanditiis. Nihil enim cum aut eligendi tenetur.</p><p>Maiores quia natus doloribus fugiat. Repellendus architecto qui enim quia ratione. Ad consequatur mollitia est eveniet. Quibusdam enim id qui sapiente qui voluptate id.</p><p>Et cum id sed. Ut pariatur est consectetur unde velit praesentium. Quaerat molestias incidunt et aliquid voluptatum expedita. Suscipit sint corrupti voluptatibus magnam.</p><p>Cum odit et eos ad sed dignissimos perspiciatis odit. Error aliquid eaque atque. Nesciunt inventore quia illo delectus animi impedit laboriosam. Voluptatum sed iste ex magnam consequuntur.</p><p>Quo quia sequi illo aut. Officia officiis optio nam earum laboriosam. Et numquam iure sunt nisi repudiandae corporis. Autem sit fugiat temporibus aut modi.</p>', 127, 'approuved', '2019-03-20 07:16:09'),
(130, 4, '<p>Ut voluptas ab a non autem temporibus. Quis nesciunt et sint dolor odio praesentium. Nam enim amet sint odio. Occaecati debitis dicta maiores qui. Id porro eum et suscipit velit exercitationem assumenda.</p><p>Amet fugit officia quia. Neque nostrum facilis sunt recusandae. Cum nihil porro ducimus exercitationem.</p><p>Autem sequi numquam sint laboriosam sit facilis rerum. Eum quisquam quaerat sapiente aut inventore quibusdam maxime. Deserunt dicta molestias et aut sit.</p><p>Aut sunt ipsam velit nobis modi quod eius. Numquam fugiat consectetur harum sunt et blanditiis. Ad voluptates deleniti quam reprehenderit eum reprehenderit quia. Et iusto mollitia et quisquam omnis facilis.</p><p>Deserunt assumenda eos aut temporibus praesentium ut quas. Ut asperiores nihil ad culpa. Rerum eaque distinctio similique asperiores. Animi magni laudantium deserunt.</p>', 127, 'approuved', '2019-04-23 08:37:04'),
(131, 31, '<p>Ut labore sunt odit minima magni qui tempora. Blanditiis corporis aut enim dolorum facere tempora totam corrupti. A corrupti et est doloremque et necessitatibus est voluptatem.</p><p>Voluptas aliquam magnam minima maxime. Nihil aut velit qui. Harum animi error quibusdam eos voluptatibus. Delectus sint dolor est nam voluptatum.</p><p>Consequatur dolores magni mollitia aut. Consequatur suscipit quo qui fugit amet ad et. Mollitia minus iure quam iure et.</p><p>Ullam quis hic est architecto accusamus. Quia molestiae tempora consequatur tempore at vel. Quidem provident omnis rerum eligendi. Debitis error voluptatem esse aut praesentium.</p><p>Sint quod ullam quisquam rem quos. Aperiam praesentium placeat unde atque minima. Et quod accusantium ipsum mollitia est nihil accusantium.</p>', 127, 'approuved', '2019-03-29 22:08:35'),
(133, 31, '<p>Voluptas et fugit omnis adipisci illum cum. Magni minus ut rerum et non. Ea itaque adipisci eius sit et nihil. Nobis natus sed impedit provident et placeat officia molestiae.</p><p>Sint reprehenderit tempore rerum dolores consectetur deserunt commodi. Quis voluptas asperiores sapiente et assumenda nobis consequatur. Consequuntur dolores sapiente nesciunt rerum vel quis. Dolores sunt voluptatibus itaque repudiandae.</p><p>Enim harum laudantium quis. Adipisci suscipit dolor quam nisi ut voluptas. Aliquam aspernatur culpa deserunt exercitationem quam enim.</p><p>Dolor voluptates quia officia. Sed facere et eaque sunt aut illo non sapiente. Ad aliquid deserunt doloribus corrupti eaque enim temporibus pariatur. Perspiciatis asperiores omnis qui id consequatur.</p><p>Sunt qui id voluptatem itaque inventore dolores. Totam sed aut dolores voluptatum error.</p>', 127, 'approuved', '2019-03-26 15:21:54'),
(134, 4, '<p>Sunt est eaque quasi deleniti repellat ex sunt iste. Quia expedita corrupti architecto nisi. Voluptatem consequatur velit velit dolor. Cupiditate praesentium iure aut nam tenetur aut hic nostrum. Non ab ea quia magnam.</p><p>Excepturi sunt et et rerum quia quia ab. Quo voluptas est aliquid sequi. Mollitia vel facilis odio rerum consequatur.</p><p>Ut sequi ad iste omnis eum molestiae. Debitis modi animi mollitia dolores et. Suscipit et ut maiores sed et perspiciatis. Facere qui aut est repudiandae dolorem magni ab.</p><p>Sit similique nobis omnis quos quidem rem. Ducimus nihil quisquam accusamus eos sit. Recusandae quae aut ad pariatur aut qui. Voluptatum dolor odit consequatur aut eos sunt sunt.</p><p>Ut natus molestiae ullam et quia rem nobis esse. Et accusantium cumque tenetur beatae officia quidem deserunt. Ex eaque corporis dolorem voluptatem aliquam dolores.</p>', 128, 'approuved', '2019-06-20 03:44:02'),
(135, 31, '<p>Quam tempore aut dolores. Id delectus modi inventore. Omnis rem laboriosam et reiciendis quos consequuntur commodi.</p><p>Sed hic quia inventore rerum voluptatum tempore beatae doloribus. Recusandae suscipit iste magnam et doloribus. Et suscipit dignissimos iusto suscipit vitae. Officiis laboriosam nulla ullam vel sequi suscipit sint et. Dicta eos vitae in officiis fuga.</p><p>Et aspernatur necessitatibus impedit vel vitae aut. Impedit velit in quasi vel laboriosam in. Voluptate id earum pariatur quisquam omnis voluptatem aperiam. Consequatur animi laudantium nulla voluptatem.</p><p>In molestias aut enim voluptates deserunt temporibus. Tempora et temporibus et molestiae. Alias repellendus perspiciatis labore cumque quia. Natus atque velit cupiditate laboriosam.</p><p>Totam alias qui et facere quibusdam. Accusantium suscipit dolore est quae. Delectus voluptatem veniam sunt dignissimos eos non. Ducimus esse quia voluptatem ratione eius.</p>', 128, 'approuved', '2019-06-20 11:54:38'),
(136, 7, '<p>Qui quaerat nesciunt possimus accusantium. Est iusto et dolores et quam quis. Et totam aliquam incidunt. Cupiditate qui sit distinctio eos dolorem natus ullam.</p><p>Vel non qui et voluptatibus saepe facere. Quae consequuntur incidunt quia similique nesciunt. Et dignissimos commodi illum.</p><p>Dolor ea necessitatibus qui corrupti laudantium. Illo suscipit sapiente ipsa. Tempora qui unde a id qui et voluptatem. Minima quidem similique doloribus neque quia.</p><p>Eaque et esse aliquid totam. Itaque sit cumque quo. Et omnis perspiciatis optio. Enim nulla reprehenderit ut debitis.</p><p>Temporibus ut aperiam tempora ut atque provident nihil eos. Vitae corrupti dolorem in quidem sit laborum. Consectetur labore aut voluptas unde et occaecati nam esse.</p>', 128, 'approuved', '2019-06-20 07:01:10'),
(137, 31, '<p>Perspiciatis voluptatibus perspiciatis dolorum natus numquam aut. Sint illo cupiditate vero nisi fugit cum. Modi omnis nihil nulla accusamus numquam pariatur commodi ex. Fuga amet neque qui unde nemo.</p><p>Hic exercitationem optio quidem ratione eum rerum nemo commodi. Tempora animi in nam vero eligendi voluptatum pariatur. Non tenetur rerum nemo perferendis incidunt.</p><p>Dolorum nesciunt quos sed quis sed. Facilis deserunt aliquid ratione molestiae reiciendis eius. Sunt aut sit in. Ratione blanditiis velit consequatur.</p><p>Quia officia maiores expedita. Aut quam velit in odio nam sit dolor. Praesentium odio aliquam minima assumenda illum. Dicta aperiam laborum qui in.</p><p>Voluptatibus iste reprehenderit aut ut ratione. Quod molestiae dolores nostrum similique excepturi perspiciatis. Sed veniam omnis consequatur molestias. Autem ea ea fugit voluptates iure similique.</p>', 128, 'approuved', '2019-03-09 03:24:46'),
(139, 31, '<p>Ut autem fuga cumque. Voluptas non esse consequatur quasi libero laborum porro. Accusamus sunt architecto dicta est. Recusandae maiores eos consequatur placeat ex non molestiae.</p><p>Cupiditate nisi perspiciatis possimus quis et aspernatur voluptas magnam. Et quas maiores nemo doloremque. Dignissimos vel ut rem fugiat autem natus iure vitae.</p><p>Voluptates porro nemo est. Est et dicta blanditiis quidem. Dolorem ut tempora qui quia modi fugit id porro. Ratione ipsum qui et.</p><p>Sequi impedit ut ducimus harum occaecati dolores. Sed et consequatur et nihil. Nulla possimus numquam sed culpa dignissimos. Dolore porro consectetur libero expedita perferendis velit itaque. Adipisci molestias omnis eveniet nihil laborum velit ad.</p><p>Aut harum fuga debitis et. Nihil sit voluptate laborum suscipit accusantium harum similique. Neque ab voluptates est vel. Nulla perferendis maiores quam aspernatur. Exercitationem voluptatem fuga amet est voluptatibus.</p>', 128, 'approuved', '2019-06-14 12:15:58'),
(140, 12, '<p>Officiis harum earum repellat quod aut excepturi tempore. Doloremque quasi autem ratione nihil aliquid. Autem enim et ut alias nesciunt quia ea ad. Iure cum iste quas recusandae natus.</p><p>Vero ipsam illum quo rerum harum quaerat aliquam id. Id dolor amet est impedit adipisci corrupti est. Et ipsa porro suscipit est.</p><p>Cumque at eveniet optio sint corrupti animi incidunt autem. A et aut error voluptatem amet ipsa.</p><p>Neque facilis in error soluta. Id saepe qui ad quod minima fuga. Qui qui et quia et dicta sed unde facilis.</p><p>Molestiae qui non vel aut vitae. Dolorem nemo fuga voluptatum minima sunt veniam. Harum veniam iste tenetur et enim non quod.</p>', 128, 'approuved', '2019-04-11 19:07:38'),
(141, 31, '<p>Qui saepe totam dolores voluptatem. Ea quia corrupti sed eaque quam neque. Placeat quis minima debitis et et. Ipsa voluptates cupiditate alias sunt accusantium quia qui.</p><p>Eos et ut vel consequatur dolores et. Dolorem et magni esse. Et libero officia laudantium perferendis necessitatibus voluptas. Blanditiis occaecati quam ipsum pariatur quaerat ullam.</p><p>Sed animi eius voluptates quia natus unde. Enim iste beatae dolor et. Aut nisi est soluta reiciendis. Quos dolorem quaerat possimus dolores rerum nobis sint qui.</p><p>Rerum itaque ut non ut voluptas est. Fuga optio maiores officia in alias debitis qui. Harum sint quaerat cumque dolorum quibusdam repudiandae nesciunt.</p><p>Consequatur vel est aliquid dolorum eaque nam dolores. Ratione et esse ea aut qui. Veritatis aspernatur explicabo assumenda consequatur. Aut quisquam ipsam in ducimus.</p>', 129, 'approuved', '2019-04-26 15:12:30'),
(142, 31, '<p>Magnam reprehenderit enim placeat doloribus ad. Dolores commodi voluptatem sit omnis voluptas. Voluptatibus autem quia quia ea et.</p><p>At voluptates voluptatem suscipit accusantium blanditiis aut temporibus. Consequuntur sunt accusantium accusantium architecto ut. Est tenetur autem distinctio fuga et deserunt aliquid.</p><p>Molestiae mollitia nulla aut commodi omnis officia qui. Ut sit ut non et. Non excepturi rerum distinctio pariatur. Ut qui beatae dolor.</p><p>Sint asperiores vero ut dolores vero quia. Vitae est veniam dolor provident illum. Rerum iure mollitia voluptatem voluptatem voluptas. Est sunt voluptatem delectus consequuntur eos saepe fugit.</p><p>Incidunt et saepe magnam cupiditate veniam. Voluptatem voluptatem alias laudantium ut quo consequuntur. Eos dolorem voluptatem nihil doloribus reprehenderit. Architecto ipsa reprehenderit omnis vero deserunt qui nesciunt.</p>', 129, 'approuved', '2019-04-02 18:40:25'),
(147, 31, '<p>Velit dicta sit voluptates adipisci eius est possimus. Incidunt necessitatibus commodi velit corrupti. Repellat non ipsam molestiae dolores voluptates.</p><p>Excepturi possimus est nemo quas quisquam. Dolorem non dicta quia. Officiis modi et beatae nesciunt.</p><p>Aliquam aut in voluptatem atque. Officiis consectetur ipsa nihil eaque reiciendis neque praesentium.</p><p>Itaque voluptates eius quis voluptas. Nisi omnis dolorem incidunt in et.</p><p>Aut rerum dolore neque veritatis sunt quasi eveniet. In aut tempore enim cupiditate. Nobis minus et quisquam commodi nam quod beatae est. Et tempora suscipit non architecto voluptas. Quae sint qui non iusto rem consequatur.</p>', 131, 'approuved', '2019-03-12 03:36:20'),
(148, 31, '<p>Explicabo ullam ea et fuga blanditiis. Quam ratione hic sed nemo. Laborum enim aut fugit at commodi illo.</p><p>Sequi necessitatibus molestiae consequatur eos. Officiis inventore in tempora. Repellendus quis omnis non provident ipsa provident. Eius atque magni cum voluptate voluptatem enim.</p><p>Reiciendis consequatur aut fugiat ut qui voluptatem. Et dolore eum ex voluptatem ut est et voluptas. Architecto autem accusamus qui quibusdam eligendi enim et.</p><p>Fugiat pariatur ducimus distinctio saepe corporis. Totam aut architecto perspiciatis beatae ea. Quaerat expedita et sunt quia earum quia omnis. Aut nisi voluptate est officia praesentium suscipit quidem.</p><p>Autem consequatur dolores ea corrupti. Aperiam accusamus officiis impedit natus.</p>', 131, 'approuved', '2019-06-16 22:30:51'),
(149, 31, '<p>Consequuntur dignissimos a iusto. Saepe praesentium sit quo unde nam modi magnam. A soluta quisquam inventore voluptatem quas exercitationem vitae. Iusto corrupti aliquid earum a consequuntur. Qui voluptates non minima ea ipsam delectus vero.</p><p>Ut quae magni tempora et deserunt repellat. Rerum iste aliquam molestiae molestiae cum ratione et. Tenetur asperiores laudantium minima et eos vitae.</p><p>Debitis rem cum et blanditiis. Saepe nesciunt ea et dolore tempora.</p><p>Enim non minima officia hic sit voluptatem modi. Qui deserunt unde est amet quasi. Voluptatem officiis dolore et sed recusandae nam.</p><p>Mollitia porro officiis cumque consequatur quidem quidem eos. Ut porro soluta enim sint nobis consequatur. Maxime perspiciatis vitae nobis esse sapiente est et. Molestias ut velit dicta corporis.</p>', 131, 'approuved', '2019-06-20 21:19:19'),
(150, 31, '<p>Officia voluptate voluptas qui. Itaque qui nulla veniam facilis modi pariatur ut assumenda. Nam sed praesentium quis voluptatum. Ab rem asperiores quaerat aut quo tempora.</p><p>Nulla id distinctio sint esse ab sapiente. Velit aperiam aliquid in quasi. Repellat occaecati debitis sapiente sit. Adipisci placeat est dolor eos et et.</p><p>Qui et dolorem quis accusantium. Nisi voluptatem est ut quia mollitia sunt. Dolorum eos aut modi nihil.</p><p>Et aut inventore dolorem a. Impedit voluptatem dolorum deserunt saepe eos dolorem.</p><p>Dicta deleniti et at totam. Incidunt ut nesciunt neque vel et quia doloribus. Molestiae quisquam amet ea consequatur suscipit. Quia sed ea dolores cupiditate provident nihil vel. Sed eaque eligendi inventore quibusdam.</p>', 131, 'approuved', '2019-03-18 00:08:40'),
(151, 31, '<p>Et nihil est voluptas sunt et natus. Harum vero voluptates facere facere. Voluptas quidem itaque molestias veniam dolore laboriosam.</p><p>Culpa magni eum ut saepe dolore maiores. Recusandae et omnis rerum optio quia in.</p><p>Quia quisquam et doloribus eos ab aperiam. Dolor eaque voluptates recusandae laboriosam delectus quos. Quis dicta corporis facilis excepturi quia dicta. Quia eum quo eveniet reiciendis eum quia.</p><p>Eum aperiam autem laboriosam cum quo unde ad. Debitis tenetur occaecati fuga sint. Molestiae quis repudiandae et voluptatem beatae. Non qui ratione porro odit ut reiciendis aut.</p><p>Aut optio officia ex adipisci molestiae quidem modi laudantium. Qui quae laboriosam necessitatibus unde. Quis expedita amet omnis ea. Fugiat qui ad ipsa repellendus ad sit libero.</p>', 131, 'approuved', '2019-06-27 03:50:37'),
(157, 31, '<p>Ullam ipsam placeat fugiat blanditiis. Unde assumenda nisi dicta incidunt iste. Ut ut ducimus occaecati modi impedit temporibus magnam. Eum impedit fuga ipsa.</p><p>Libero praesentium reiciendis non nemo aliquam. Magnam eligendi rerum reprehenderit rerum mollitia. Id omnis sunt at culpa officiis ut velit.</p><p>Rerum ut impedit sint odit molestiae ea placeat consequatur. Praesentium tempore harum nemo repellendus ex magnam porro ea. Pariatur facilis saepe consequatur.</p><p>Mollitia facere libero eos dolor nisi. In aliquid minus placeat inventore perspiciatis. Quia quos ea enim cupiditate veritatis illum et. Nisi blanditiis aut consequuntur et.</p><p>Omnis possimus eaque corrupti deleniti et. Molestias labore tempore dolore debitis qui.</p>', 133, 'approuved', '2019-05-17 22:37:10'),
(158, 31, '<p>Pariatur tenetur sed omnis hic eos est exercitationem. Consequatur voluptatum minus possimus optio ad perspiciatis. Fugiat quibusdam fuga officia earum. Alias fugit est amet non numquam.</p><p>Et ea labore tempore minima at voluptatem enim. Ad voluptatibus eos quod qui velit non aliquid. Quo recusandae perferendis aperiam.</p><p>Dolore quod repudiandae rem vel ex nisi deleniti dolor. Inventore eum beatae vel quo ab. Illum neque saepe aut et officiis sit. Illo quasi debitis soluta magnam.</p><p>At velit porro fugit qui perferendis provident id. Temporibus veritatis veritatis a exercitationem. Numquam et incidunt cumque id enim et. In ut ad animi itaque non.</p><p>Odio est velit laboriosam quas. Voluptatem distinctio voluptas corporis quia. Beatae eius et reprehenderit dolorem. Dignissimos possimus ea qui laborum est expedita non.</p>', 133, 'approuved', '2019-05-28 14:09:03'),
(159, 31, '<p>Sit nisi magnam corporis non esse ut dicta. Voluptatem facere eligendi dignissimos voluptatem voluptatibus aspernatur aliquam. Qui aperiam ipsa corrupti recusandae. Fugit ratione eum sit est accusantium.</p><p>Porro est inventore debitis qui. Aliquid a sed laboriosam beatae incidunt. Cumque quibusdam veniam et.</p><p>Architecto ut dolor accusantium pariatur natus dignissimos fugit. Occaecati modi rerum dolorum neque. Sunt corrupti reprehenderit qui ut tempora. Explicabo accusantium similique laborum sapiente eaque non natus.</p><p>Quod excepturi non accusantium quia labore illo enim. In neque tempore et libero quia at quae. Aut nostrum quisquam et. Perferendis fugit rerum placeat in inventore.</p><p>Necessitatibus aliquid est porro voluptatem aliquam culpa officiis. Sed sit quasi eaque atque ea quo labore. Atque quia sint nesciunt suscipit quia quidem dolores.</p>', 133, 'approuved', '2019-05-06 11:52:25'),
(160, 31, '<p>Laudantium voluptas architecto vel tenetur nam possimus. Fuga labore officiis velit excepturi. Nobis veniam nostrum beatae itaque. Possimus tempora quos tenetur quo.</p><p>Praesentium eligendi repudiandae sed et porro tempora. Non facere dolor voluptatem recusandae. Reiciendis amet qui et nulla debitis voluptate sit.</p><p>Expedita neque quisquam voluptatum totam et est. Eligendi est enim eveniet aut. Enim soluta minima veritatis et consequatur corrupti.</p><p>Ut libero quisquam nesciunt alias vel porro. Soluta omnis deserunt nesciunt quas quo. Et sit quis occaecati ut quod sint. Qui repudiandae natus ratione delectus.</p><p>Ullam sapiente accusamus accusantium in est. Eligendi necessitatibus aut ea dolores officia. Alias molestiae qui qui fugiat et. Aut eum quia ea quia.</p>', 133, 'approuved', '2019-06-04 07:56:02'),
(161, 31, '<p>Eos est alias nostrum consequatur ab. Perferendis pariatur similique exercitationem non tempora laboriosam. At inventore perferendis quos quia et.</p><p>Voluptatibus sapiente esse molestiae rerum laborum sapiente. Veniam quaerat velit nulla accusamus modi autem. Provident vitae distinctio cupiditate rerum nam id.</p><p>Recusandae sit praesentium dolore porro voluptas aliquam illum. Harum consequuntur officiis ullam sed modi laudantium eius. Iure saepe ipsam officia qui voluptatem non impedit.</p><p>Hic excepturi et laboriosam ad facere veritatis blanditiis. Fugiat unde hic voluptas laborum harum maxime. Vel consequuntur atque tempore.</p><p>Perferendis aspernatur excepturi beatae sed. Rerum nam non reprehenderit recusandae eum itaque eos. Possimus mollitia tenetur rerum sed placeat perferendis dolore.</p>', 133, 'approuved', '2019-06-17 03:53:54'),
(162, 31, '<p>Incidunt excepturi ex ipsa quidem odio vel. Explicabo quo corporis accusamus eum. Voluptatem sed sapiente explicabo quaerat iste.</p><p>Non fugiat est et aliquid. Et debitis culpa dolorem quia rerum quia. Labore ad fuga perspiciatis laudantium ut et est. Voluptas est quidem harum sed odio odio.</p><p>Nostrum quasi architecto excepturi. Fugiat aut quibusdam magnam ut ipsa necessitatibus cum. Debitis asperiores quia voluptate culpa iure et in.</p><p>Nihil sit ut est. Ut voluptatum deserunt aut dolor molestias velit. Officiis saepe odio delectus.</p><p>Commodi qui sunt veritatis quo. Inventore sed unde ipsa provident vel. Ut magnam repellendus perferendis sequi iste.</p>', 133, 'approuved', '2019-06-28 03:00:07'),
(163, 31, '<p>Ut itaque dolorum ratione veniam amet fugiat eum. Voluptate aliquam aliquid nisi quia accusamus quo est.</p><p>Nihil autem qui eum repudiandae. Consectetur quos accusantium laborum doloremque pariatur. Esse sequi quos quasi repudiandae. Vero commodi aut rerum vero delectus.</p><p>Est sed sunt quod consequuntur assumenda velit quia. Et qui doloremque sint cupiditate vel cum. Qui expedita ut quia consequatur.</p><p>Laboriosam officiis dolores iure id possimus deleniti delectus. Corrupti voluptatum cupiditate aut sed officia et earum sunt. Odio quaerat quia consectetur maiores autem. Nam nam aut eligendi est ut eveniet voluptatem.</p><p>Et debitis minus deserunt ullam mollitia. Sunt dolorum fugit ut aut nemo et adipisci et. Est et nihil quas assumenda maxime qui sed.</p>', 133, 'approuved', '2019-06-04 07:08:31'),
(164, 31, '<p>Ut et consequatur culpa rerum quis voluptates. Tenetur maiores et incidunt inventore. Est quibusdam voluptatum quisquam in ipsam ex qui. Expedita reprehenderit eaque magnam neque.</p><p>Adipisci omnis qui adipisci voluptatibus consequuntur. Officiis nesciunt doloremque quia dolorem rem. Cupiditate consectetur dolor velit eius ea minus ut consequatur. Soluta adipisci fuga vitae impedit voluptatum qui. Molestiae sapiente quaerat omnis molestias iure et sed.</p><p>Ea deleniti et et aut voluptatem tempora tempora. Veritatis ad voluptas saepe aut non enim. Vero quia alias ut praesentium sit sint. Rerum expedita maiores itaque laborum.</p><p>Velit ex debitis nemo libero quo mollitia voluptatem. Laborum nisi dolores consequuntur et qui a iure. Placeat quisquam qui ipsum laborum.</p><p>Corporis voluptates sed quia iure doloribus. Dolorum aspernatur sed dolorum sequi in ipsa veritatis. Atque distinctio sed eum tempore nulla fugit ipsam.</p>', 134, 'approuved', '2019-05-20 14:23:53'),
(165, 31, '<p>Culpa modi voluptates quasi. Eveniet expedita molestiae nihil mollitia iste. Culpa similique ullam incidunt aut occaecati sed illo.</p><p>Et qui accusantium fugit. Magni saepe dolorum rem qui labore. Ut fugit laborum in aspernatur eum nemo quia.</p><p>Nemo dolorem voluptatem atque natus odit. Quis et velit quam. Repudiandae assumenda eveniet atque animi doloremque ab ipsa. Sunt ea explicabo nihil vero debitis.</p><p>Iure omnis mollitia eveniet corporis omnis. Aut dicta neque eos quas rerum tempora. Laboriosam itaque in possimus a nulla. Excepturi aspernatur dolores ratione itaque.</p><p>Autem ipsa quis autem voluptatem labore voluptas. Sunt ea minus exercitationem fugit dolorum. Tempore unde non est iure ut nihil. Quidem possimus est eum.</p>', 134, 'approuved', '2019-06-22 12:55:03'),
(166, 31, '<p>Non corporis non ea voluptate. Officiis optio dolor et voluptate delectus asperiores. Consequatur mollitia repellendus quia qui.</p><p>Qui autem pariatur perspiciatis vel totam. Ut quisquam odio rerum sit nostrum et. Porro deserunt cum sequi dolores non asperiores consequatur fugiat.</p><p>Rerum odio sint cumque. Accusamus aliquid et eum quasi. Exercitationem earum nihil fugit. Debitis ipsam ea blanditiis saepe perspiciatis harum sed esse.</p><p>Aspernatur enim quidem ipsum amet ea. Optio accusantium praesentium rerum facilis assumenda. In et iure nulla.</p><p>Quaerat laborum dolor quo perspiciatis. Deserunt quod ullam iusto ab quidem vel.</p>', 134, 'approuved', '2019-02-04 02:40:52'),
(167, 31, '<p>Nam quibusdam reprehenderit in dignissimos et ipsam eligendi. Numquam aperiam et qui. Dolorum consequuntur aut vero eius aut vel. Quasi consequatur ut suscipit.</p><p>Sit cupiditate quod optio qui. Iure repudiandae et corrupti voluptatem. Cumque dignissimos non odit veniam. Delectus et placeat harum repellat illo eveniet quisquam.</p><p>Recusandae quia quos voluptas ea ut quia in. Aperiam rerum omnis laborum voluptas. Officia quidem est consequatur et voluptatem. Est molestiae sed quia magni qui non.</p><p>Atque doloremque vitae repudiandae earum sint cum deleniti. Laboriosam vero eum quas sequi aut provident nihil. Laudantium omnis harum ea qui. Rerum non distinctio suscipit quibusdam eius.</p><p>Quia sit vitae expedita enim ratione non. Officiis eos sed maxime totam. Quasi nam perspiciatis expedita aut asperiores error praesentium. Quia ipsum veniam ut qui fuga et.</p>', 134, 'approuved', '2019-03-17 23:34:03'),
(168, 31, '<p>Sit et ea nemo ea quaerat repellendus. Omnis magni voluptas aspernatur qui ad reiciendis sapiente. Ad facere cupiditate sit consequatur. Labore ut ratione eos distinctio.</p><p>Perferendis quia sunt expedita aut dolor eos. Sed debitis minus sequi dolores. Autem laboriosam suscipit est magnam voluptas est suscipit. Incidunt rem quibusdam enim ullam soluta vel.</p><p>Et rerum sint odio tenetur numquam neque natus placeat. Id eum ipsum delectus unde occaecati. Vel sit voluptatibus quas quasi.</p><p>Aliquam aliquam ab nisi non voluptas. Beatae aut nihil et doloremque soluta quo. Occaecati aut in voluptas sed. Esse aspernatur repellendus sed nam ut et.</p><p>Dolores tempore sint tempora velit voluptas. Dolor laudantium ex nihil est. Ad error vel et eius eius facere rerum.</p>', 134, 'approuved', '2019-01-10 16:28:09'),
(169, 31, '<p>Dolorum id dolorum et est distinctio. Ipsa quo placeat quia modi.</p><p>Laborum dicta et eius qui in cum ut nobis. Dolorem velit recusandae et hic eaque id. Consectetur id fuga quia quibusdam. Ea quia saepe repellendus vero. Nulla ullam qui molestiae exercitationem esse suscipit.</p><p>Consequatur sit ex excepturi aspernatur laborum quos. Earum quisquam dolorem quos praesentium qui. Iste sint minima unde.</p><p>Consequatur architecto cupiditate suscipit veniam ipsum iste. Fugiat est fugit qui hic voluptas porro. Illum earum corporis illum asperiores. Non voluptatem qui est.</p><p>Quibusdam provident cum maiores sunt nam. Cum sit excepturi quas corrupti. Assumenda excepturi modi dolores unde. Nihil et ipsa et ducimus.</p>', 135, 'approuved', '2019-04-04 13:01:15'),
(170, 31, '<p>Nesciunt ad modi ut aliquid odio quia. Omnis a delectus labore dolor. Harum harum qui animi enim id quia deleniti.</p><p>Libero temporibus laborum eum delectus nostrum vel. Nihil ducimus et pariatur suscipit totam. Cupiditate in alias saepe perferendis et. Nobis impedit aut molestiae vero ut in laboriosam. Sit omnis molestias vel aut provident.</p><p>Autem debitis commodi fuga aliquam alias sit ipsam. Et ut qui fugiat dolore est. Quo qui quas est rerum non nesciunt tenetur.</p><p>Atque ut possimus et ut omnis rerum. Quas vel sit sapiente excepturi ex sint. In et inventore pariatur ut voluptas et.</p><p>Dicta nemo accusamus repellendus error dolor. Impedit quis aspernatur delectus voluptatem aut quia et. Repudiandae sit voluptatem in quasi voluptatem cumque suscipit aliquam.</p>', 135, 'approuved', '2019-06-07 08:59:10'),
(171, 31, '<p>Quasi a et placeat. Provident aut illo et et quis officia enim. Sint quos sed aut dolorem aliquid quas doloribus.</p><p>Itaque eligendi est veniam voluptas maiores. Odio exercitationem molestias repellendus. Et provident pariatur deleniti accusantium natus et numquam recusandae. Sint dolor consequatur non.</p><p>Quo quibusdam ea ea consequatur officia aperiam sequi. Molestiae facere beatae eum aliquid iste dolores. Consequatur dolorem eos sunt totam et cumque possimus.</p><p>Maxime delectus a molestias quia provident. Ratione repellat numquam ipsam laborum. Eius reprehenderit voluptatum vitae iusto unde aut. Sunt architecto eligendi qui eius facilis perspiciatis.</p><p>Voluptas eum asperiores assumenda. Est consequatur ex adipisci itaque. Quia sint veniam voluptatibus qui asperiores ut. Natus quia incidunt beatae enim porro sunt asperiores. Enim similique autem aut.</p>', 135, 'approuved', '2019-06-08 00:47:17'),
(178, 31, '<p>Sapiente id optio consequatur perspiciatis accusamus rerum expedita. Laborum veniam delectus illum. Quibusdam dignissimos veniam modi nemo quaerat voluptatem voluptas quia.</p><p>Rerum ea reprehenderit quia expedita magnam vero. Aut blanditiis perspiciatis sequi reprehenderit. Saepe iste magnam commodi qui. At libero sunt facere enim quam blanditiis excepturi perferendis.</p><p>Beatae inventore quod architecto dolore. Facilis et ducimus vitae. Quo a voluptatem eligendi velit quae minus. Voluptates earum ut quia aliquam exercitationem eligendi eligendi.</p><p>Culpa sit id sit dolor maiores distinctio. Quae quo id similique. Error dicta optio accusantium sed est velit illum. Autem est architecto qui.</p><p>Et vitae aliquid odio odit omnis. Est et magni modi non. Quis in rerum nesciunt qui est rem qui.</p>', 137, 'approuved', '2019-06-22 01:16:18'),
(179, 31, '<p>Delectus et voluptatem aut nesciunt sed numquam repellendus. Voluptate aliquam non est inventore sequi consequatur vero sit. Ut accusantium quis ipsa sint in molestiae. Et totam temporibus perferendis rem.</p><p>Qui sit numquam minima ad repellat tempore in. Eaque labore corporis quas quaerat autem animi blanditiis. Voluptas dolores a sed. Architecto et eum aut enim magni ea sed eos.</p><p>Cupiditate adipisci nihil quos rerum. Eveniet maxime praesentium ut officiis dolorum. Animi id debitis laboriosam eligendi sunt voluptate. Quidem at voluptatem aut nesciunt incidunt eius.</p><p>Voluptates autem illum tenetur repellat officiis et eveniet. Hic aspernatur et error qui quam. In nulla tempora fugit reprehenderit laudantium in fugit. Et quo officiis perferendis aperiam nemo perferendis veniam.</p><p>Reiciendis minus quo impedit. Possimus soluta beatae magnam assumenda delectus voluptatem aut eos. Fuga ea minus omnis nam. Quam ut quasi beatae dolore minus itaque ad numquam. Quasi ut nihil repudiandae nam omnis aperiam non.</p>', 137, 'approuved', '2019-04-27 15:43:07'),
(180, 31, '<p>Nobis vitae natus qui atque est eos corrupti quam. Incidunt modi nesciunt et unde minima. Blanditiis omnis consequatur veritatis repellendus et sint et. Est recusandae aut nobis sint reprehenderit dolor rerum.</p><p>Doloremque fugiat minima alias dolorem vel. Sint quos neque repellat molestiae vel ipsum beatae. Et rerum ut omnis quis quia ducimus accusantium. Officiis dignissimos molestiae eos officia et impedit praesentium.</p><p>Illum non qui iure qui est quos. Ut occaecati sunt ducimus odit recusandae ex occaecati hic. Numquam eum vero animi qui qui soluta omnis. Minima in animi sed eos quia et nihil ullam.</p><p>Aut in aut quia sit sit eveniet nam. Qui omnis perspiciatis et. Numquam dolores voluptas aut aut.</p><p>Qui autem porro et ipsum repellat consequuntur. Ut maxime mollitia nisi error ut consequuntur et. Laudantium aspernatur ipsa alias et praesentium optio eveniet. Perferendis facilis amet temporibus ex ducimus omnis est.</p>', 137, 'approuved', '2019-03-28 17:43:04'),
(181, 31, '<p>Sed officia consequuntur nostrum vitae quaerat molestiae nisi. Qui deserunt eos accusamus eum sit. Mollitia consequatur id nihil cupiditate omnis qui.</p><p>Recusandae ut eaque sapiente sit voluptatem commodi beatae molestias. Voluptatem illo autem sapiente magnam. Illo hic omnis aliquam.</p><p>Nihil laudantium nam sed officiis. Aut placeat et sit consequuntur quaerat. Est enim ut praesentium non ut minima. Sed ut omnis qui consequatur vero qui.</p><p>Eveniet aut debitis cumque quod et. Occaecati et doloribus nemo blanditiis.</p><p>Voluptatibus est est est omnis. Aut nostrum et voluptas officiis. Accusantium qui aut possimus quas.</p>', 138, 'approuved', '2019-06-16 05:17:29'),
(182, 31, '<p>In quia placeat eveniet. Quasi atque repellat voluptatem. Voluptatum et est dolor velit ut voluptatem. Iure aut qui quo minus autem maiores.</p><p>Ratione est sit libero eum esse consequatur ad. Porro repudiandae rerum voluptas rerum. Adipisci inventore qui eum beatae dolor quasi.</p><p>Asperiores maiores corrupti soluta delectus quas maiores rerum necessitatibus. Facilis et eveniet voluptas. Iste itaque architecto debitis ipsa. Et dicta dolores voluptate aut dolor.</p><p>Quo sint voluptas facere tempora perferendis. Itaque odit necessitatibus autem nihil. Neque iure omnis animi accusantium optio rem magni.</p><p>In animi ipsa rerum. Deleniti molestias doloribus optio atque modi et. Cupiditate omnis quia voluptatibus nisi ipsum. Nostrum nisi velit corporis.</p>', 138, 'approuved', '2019-05-19 11:47:07'),
(183, 31, '<p>Eum quidem labore aut quia aut sit. Officiis iusto adipisci nulla totam sit amet.</p><p>Id illum ut et ab architecto et est. Aut est veniam ut.</p><p>Cupiditate natus saepe doloribus. Asperiores deserunt quasi odio voluptatem.</p><p>Eos id sunt odit qui optio nihil eveniet. Cupiditate molestias accusantium qui reprehenderit rem aut. Magni debitis eligendi deserunt dolorem dolor qui quasi. Nisi aut fugit quo tenetur.</p><p>Quia eum accusantium quo vel sunt alias. Est ex in quia et. Voluptatem eveniet necessitatibus consectetur sed.</p>', 138, 'approuved', '2019-05-23 13:50:05'),
(184, 31, '<p>Facilis cum quia in. Fuga velit nostrum eaque. Esse magni vel sequi delectus et qui.</p><p>Inventore totam corrupti tempore tempore error vero. Esse blanditiis error aspernatur aliquid id consequatur. Perspiciatis in at fugit voluptates eveniet eum quisquam fuga. Porro et sunt sint quia iste dolor.</p><p>Sunt voluptates voluptas aliquid doloremque. Labore eaque voluptas aspernatur. Quo quisquam est quam excepturi nisi consequatur. Fugiat qui id ullam id.</p><p>Et quae et quam. Aliquam voluptas dolor dolorem reiciendis.</p><p>Ab nihil harum dignissimos autem repellendus voluptate est. Amet aut dolor et molestias. Facere minima veniam rerum excepturi voluptatem molestiae dolorem exercitationem. Omnis voluptatum molestiae voluptas animi.</p>', 138, 'approuved', '2019-04-20 06:51:29'),
(185, 31, '<p>Iusto aliquam quaerat consequatur esse omnis voluptatem officiis. Ut culpa magni aut eum nihil maxime voluptatem. Esse vitae aut sunt ratione.</p><p>Voluptatem sapiente sed consectetur minus qui ab ut. Unde minima non rerum inventore dignissimos quae quis. Accusamus deleniti voluptate autem et.</p><p>Nostrum necessitatibus quo aut expedita earum et maiores. Possimus quasi impedit cum nostrum. Eos aperiam non qui ex.</p><p>Corporis consequuntur id quidem minima laboriosam sapiente neque saepe. Odio et magni optio distinctio. Distinctio sed dolores cum accusamus ea sed illum. Velit id quia voluptatem porro voluptatem ut. Iure enim nemo laudantium veniam facilis.</p><p>Harum iure consequuntur iste voluptatem velit eos ut. Amet voluptatum earum voluptatibus qui quisquam repellat. Ullam voluptatem aliquam possimus magnam.</p>', 138, 'approuved', '2019-05-13 10:12:27'),
(186, 31, '<p>Ex doloribus similique sapiente suscipit in pariatur possimus. Quia dolorem non et incidunt eos porro reiciendis magni.</p><p>Dolor illum est est tempore et iure. Non quis eveniet rem voluptatem officia dolorem dolorem. Quidem alias occaecati sed odit.</p><p>Occaecati at aut nostrum rerum. Culpa blanditiis eaque doloribus saepe.</p><p>Ea ad possimus consequatur repellat rerum. Error necessitatibus velit assumenda corrupti officiis excepturi cum. Quibusdam voluptate quaerat et alias dolore rerum.</p><p>Aut nisi ipsa id reiciendis atque. Enim natus necessitatibus et labore magni saepe hic. Odit necessitatibus eligendi culpa. Sint modi velit et esse error.</p>', 138, 'approuved', '2019-04-16 20:24:39'),
(191, 31, '<p>Eos veniam quos perspiciatis. Explicabo qui placeat ipsum omnis rerum repudiandae.</p><p>Nulla placeat dolorem ab reiciendis placeat iusto. Repellat ea sit modi.</p><p>Ullam ut sit sapiente et ipsa nulla. Laborum inventore quas incidunt ipsa est soluta ipsam a. Nobis numquam rem ea nam sed dolorem id. Nostrum praesentium dolorem ut iste libero provident id ea.</p><p>Ex est magnam eum omnis voluptate. Qui placeat et minus necessitatibus et non dolor. Voluptatem quia voluptates totam doloribus quia mollitia reprehenderit. Totam ducimus voluptatem ipsum voluptate quia asperiores corrupti possimus.</p><p>Dolore tenetur et rem ipsa. Modi quas nemo aliquid eius. Voluptas ut saepe expedita impedit quo mollitia excepturi. Vero natus amet nihil aspernatur in qui perferendis.</p>', 140, 'approuved', '2019-05-22 16:07:33'),
(192, 31, '<p>Omnis fuga numquam omnis aliquam similique odio. Eos suscipit delectus repudiandae aut ipsum. Aut impedit suscipit cumque quos aut quibusdam. Et dolore molestiae cumque labore beatae.</p><p>Cum sit necessitatibus dolorum sit autem. Reiciendis repellendus quis similique blanditiis. Repellat aliquid fugiat quam sed quo nemo. Voluptas omnis recusandae corporis facere mollitia.</p><p>Ipsa eos quos id cupiditate. Odit modi esse voluptas. Ut reprehenderit nihil qui amet qui iure voluptate. Voluptatem minus tempore maiores id et.</p><p>Dolore eius veniam quas suscipit sed rerum odit. Magni maiores id esse et eius suscipit voluptates. Quod quae nam consectetur rerum eum natus consequatur.</p><p>Et ea autem velit ut adipisci est omnis. Nemo ea dicta animi ut. Voluptate eos dolore reprehenderit earum quae doloribus voluptatibus. Quasi blanditiis non qui modi ut.</p>', 140, 'approuved', '2019-04-18 19:56:24'),
(193, 31, '<p>Sit aut veritatis deleniti. Iusto quis quis aut debitis a incidunt aspernatur.</p><p>Asperiores quam voluptate cum blanditiis mollitia. Impedit sit dolor est eos. Unde illo quos veritatis soluta aliquid rerum sunt est. Dolor libero possimus vel voluptas.</p><p>Autem occaecati qui quisquam ut dolores. Eveniet est ut dolores et doloremque libero. Non ipsa velit optio minus ducimus adipisci est. Tempore rerum ea nihil natus aut.</p><p>Quia id repudiandae vero. Magni ad qui autem est tenetur enim omnis sit. Id impedit qui enim occaecati debitis id omnis. Mollitia alias voluptas eum quia aut.</p><p>Qui nisi aut culpa nisi est rerum quis. Magnam itaque at architecto in recusandae. Reprehenderit vitae a eos non est dolores.</p>', 140, 'approuved', '2019-06-15 06:51:23'),
(194, 31, '<p>Quo numquam eaque minima. Nobis nisi suscipit corrupti libero. Consequatur modi in ex qui facilis qui ut. Sit dolorem et accusamus culpa repudiandae fugiat.</p><p>Sed sunt expedita animi. Facere ex quidem vel voluptatum aut nemo rerum. Assumenda occaecati tempore sit est. At sequi voluptate quas quidem magni vitae deserunt.</p><p>Modi pariatur illo provident praesentium esse vel aliquam. Molestiae molestiae quaerat nemo sint excepturi consequatur. Repudiandae molestiae velit aspernatur ut. Numquam sed odio a quasi eligendi doloribus. Odit labore molestiae aut nam nostrum debitis molestiae quas.</p><p>Magni consectetur porro qui consequatur natus. Nihil repudiandae magnam sed qui est velit rerum. Tenetur ut reiciendis quod facere excepturi suscipit incidunt.</p><p>Ut quis nobis nulla consequatur cumque atque. Quia provident dicta quo reprehenderit architecto.</p>', 140, 'approuved', '2019-06-04 05:29:22'),
(195, 31, '<p>Voluptatem cum hic qui nulla ad amet. Minima blanditiis laboriosam laudantium et aut quae. Odit vel accusantium amet modi.</p><p>Eum sint laborum consequuntur et qui. Soluta saepe sed voluptatem eos maiores est. Consequatur ullam sit sequi. Vel expedita quis blanditiis saepe in deserunt omnis.</p><p>Nostrum asperiores tenetur facere enim libero porro corrupti. Qui voluptatem doloremque non aperiam et omnis rerum. Voluptatem velit voluptatibus omnis sit omnis accusantium impedit. Veniam qui culpa nihil voluptatem aut neque. Quod quam itaque sequi ea eum.</p><p>Necessitatibus corporis fuga ducimus laborum rerum perferendis est. Nostrum aspernatur hic autem magnam expedita. Est autem quas ut nisi. Voluptas ea doloremque quidem sint qui asperiores fuga.</p><p>Nobis velit sunt eaque similique aspernatur sint. Porro repellendus eveniet laboriosam facilis iste. Omnis sapiente est modi eligendi optio quidem qui modi.</p>', 140, 'approuved', '2019-04-26 20:48:00'),
(196, 31, '<p>Ut qui voluptas aperiam rerum est debitis. Rerum minus omnis qui et rem quod. Deserunt libero voluptate et repellat. Maxime quasi explicabo pariatur eius nulla non.</p><p>Et qui quos ea. Consequuntur et deserunt vero voluptatem sit harum.</p><p>Et veniam quis inventore aliquam voluptatem non dolor. Ea aut aut quaerat nihil ex voluptas. Est adipisci qui dolor voluptas. Aut maxime voluptatem ut labore fugit et.</p><p>Dolorem illo animi reiciendis voluptate. Exercitationem accusamus rerum exercitationem sint autem facilis officiis. Assumenda exercitationem esse dolore qui.</p><p>Officiis quia mollitia ab repudiandae repellat. Expedita incidunt blanditiis perspiciatis explicabo dignissimos doloribus.</p>', 140, 'approuved', '2019-04-27 09:49:22'),
(197, 31, '<p>Veritatis aperiam et molestiae et asperiores doloribus aliquid sunt. Iure consequatur dignissimos ut at illo ut. Optio cumque magnam molestiae ut possimus.</p><p>Repellendus eos vel eligendi quibusdam tempora quod dolor. Vel corporis laborum aut voluptate fugiat ut architecto neque. Ea aut quaerat quia nobis et rerum. Incidunt maxime tempora maxime eveniet.</p><p>Aut et harum natus sunt quia facilis. Ab impedit omnis eaque quia dolore atque quia. Adipisci nihil totam ipsum dolorem libero aut aspernatur velit. Laborum reprehenderit omnis quo reiciendis corporis voluptatum incidunt.</p><p>Ratione blanditiis error aperiam rerum. Sed nam quia repellendus dolor. Placeat labore et molestias. Quam hic veniam voluptates porro et nostrum perferendis.</p><p>Corporis sint reprehenderit et eius. Similique voluptatum numquam neque temporibus. Qui quis expedita reprehenderit deleniti nihil repellat. Est ipsam quidem ex quis accusamus omnis.</p>', 140, 'approuved', '2019-05-05 13:27:52'),
(238, 31, 'test', 133, 'intrash', '2021-03-26 12:28:47'),
(240, 2, 'merci', 129, 'approuved', '2021-06-16 19:10:55'),
(248, 31, 'test', 131, 'approuved', '2021-06-25 13:23:20'),
(249, 31, 'Merci pour cet article', 128, 'approuved', '2021-06-25 15:24:02'),
(250, 31, 'test', 128, 'approuved', '2021-06-25 17:09:14'),
(251, 31, 'test moustache', 128, 'waiting', '2021-06-30 13:26:46'),
(252, 31, 'test moustache', 128, 'waiting', '2021-06-30 13:27:00'),
(253, 31, 'test moustache', 128, 'waiting', '2021-06-30 13:27:42'),
(254, 31, 'test moustache', 128, 'waiting', '2021-06-30 13:31:24'),
(255, 31, 'test moustache', 128, 'waiting', '2021-06-30 13:35:07'),
(256, 31, 'test moustache', 128, 'approuved', '2021-06-30 13:36:00'),
(257, 31, 'tester', 128, 'approuved', '2021-07-30 10:02:55'),
(258, 31, 'Super article !', 128, 'waiting', '2021-09-07 08:24:26'),
(259, 31, 'yes', 128, 'approuved', '2021-09-09 13:39:56');

-- --------------------------------------------------------

--
-- Structure de la table `contacts`
--

DROP TABLE IF EXISTS `contacts`;
CREATE TABLE IF NOT EXISTS `contacts` (
  `id` int(11) NOT NULL AUTO_INCREMENT,
  `name` varchar(100) NOT NULL,
  `email` varchar(255) NOT NULL,
  `message` text NOT NULL,
  `created_at` datetime NOT NULL DEFAULT CURRENT_TIMESTAMP,
  PRIMARY KEY (`id`)
) ENGINE=MyISAM AUTO_INCREMENT=29 DEFAULT CHARSET=utf8;

--
-- Déchargement des données de la table `contacts`
--

INSERT INTO `contacts` (`id`, `name`, `email`, `message`, `created_at`) VALUES
(28, 'Sophie Malius', 'smalius@gmail.com', 'Bonjour,\r\nJe me permets de vous contacter afin d\'envisager un nouveau lancement de produit.\r\nDans l\'attente de vous lire, je vous souhaite une excellente journée\r\nBien à vous \r\nSophie', '2021-09-10 09:48:50');

-- --------------------------------------------------------

--
-- Structure de la table `posts`
--

DROP TABLE IF EXISTS `posts`;
CREATE TABLE IF NOT EXISTS `posts` (
  `id` int(11) NOT NULL AUTO_INCREMENT,
  `title` varchar(255) NOT NULL,
  `slug` text,
  `introduction` text NOT NULL,
  `content` text NOT NULL,
  `author` int(11) NOT NULL,
  `status` enum('draft','publish','intrash') CHARACTER SET utf8 NOT NULL,
  `created_at` datetime NOT NULL,
  `modify_at` datetime NOT NULL DEFAULT CURRENT_TIMESTAMP,
  PRIMARY KEY (`id`),
  KEY `fk_author` (`author`)
) ENGINE=InnoDB AUTO_INCREMENT=168 DEFAULT CHARSET=latin1;

--
-- Déchargement des données de la table `posts`
--

INSERT INTO `posts` (`id`, `title`, `slug`, `introduction`, `content`, `author`, `status`, `created_at`, `modify_at`) VALUES
(127, 'Le confort de changer à sa source', 'le-confort-de-changer-a-sa-source', 'Molestiae cumque nostrum sit numquam quia voluptas molestias dolorem. Voluptatem delectus praesentium iure sed praesentium dolorum aut. Omnis corporis sint dolores sunt. Laborum ipsa dolor voluptatem incidunt.', '<p><strong>Ipsa sapiente earum ea quasi et. Sit autem accusamus quia beatae cupiditate. Atque aut voluptatem enim ut et ratione esse.</strong></p>\r\n<p>Nihil illum et mollitia repellendus earum ipsam aut. Eos aut voluptatem quasi quibusdam commodi. Nihil voluptatem placeat fuga minus et. Quia impedit incidunt accusamus magni. Natus tempore consequuntur ea enim totam odio.</p>\r\n<p>Sed exercitationem omnis recusandae corporis est. Reiciendis et quod vitae quod.</p>\r\n<p>Tempora animi illum sed quia a. Iste exercitationem voluptatum nobis. Sequi modi dolores iure iusto. Veniam aut aut tempore nobis voluptas recusandae eligendi. Dolores qui et animi libero quisquam dolore.</p>\r\n<p>Accusamus quam corrupti et tenetur qui pariatur. Repellat et delectus voluptates veniam facilis saepe. Qui aut aut soluta quia ut in numquam.</p>', 31, 'intrash', '2019-03-17 01:49:15', '2021-06-14 07:28:56'),
(128, 'Le droit de concrétiser vos projets plus facilement', 'le-droit-de-concretiser-vos-projets-plus-facilement', 'Vel est cum tempore aut provident quae explicabo animi. Est maiores ad quod aspernatur officiis velit est quas. At dolorem unde rerum. Voluptatem cupiditate quia necessitatibus non eum.', '<p>Est ea est tenetur ut voluptas facere cum consequatur. Impedit error explicabo qui officiis ratione tempora. Qui sint non vero in temporibus.</p><p>Et adipisci itaque sint odit animi perspiciatis ex cumque. Et quas atque culpa qui excepturi nobis. Consectetur ipsum sunt aliquid incidunt laudantium aspernatur non.</p><p>Iusto in nam et voluptas. Totam adipisci doloremque quis dolorem quae adipisci.</p><p>Id eos excepturi non molestiae sunt amet. Et optio itaque dolore autem. Beatae tenetur voluptatum laudantium qui ea autem. Eum earum non ratione.</p><p>Sint quas vitae earum. Porro omnis est est nostrum. Veniam cupiditate accusantium qui velit et quas. Consequatur enim sit quia molestiae saepe repudiandae.</p>', 31, 'publish', '2019-01-24 22:40:26', '2021-03-13 09:06:31'),
(129, 'La simplicité d\'évoluer autrement', 'la-simplicite-d-evoluer-autrement', 'Laborum optio corrupti id neque voluptatibus quia. Eligendi est quis quia eos ullam quis perferendis. Eligendi commodi incidunt non quo distinctio dicta. Et voluptatem est sint est vel doloremque. Quae nam animi sit sit illum vel quasi.', '<p>Qui aliquam eligendi aspernatur et quas et culpa. Quia porro deserunt non est. Minus est iste veritatis.</p><p>Tempora expedita non aut et impedit minima eos. Molestiae rerum explicabo aliquam nisi nihil recusandae tempore. Dolor ipsam voluptatem vero consequuntur doloremque id.</p><p>Tempore sit est ducimus ut libero. Aperiam aperiam praesentium illo error. Minima nemo distinctio atque voluptas fugiat ullam nihil. Deleniti natus quia laboriosam nemo aliquid tenetur.</p><p>Itaque omnis quos est magni consequatur. Dignissimos qui architecto excepturi molestiae praesentium ea sed. Corporis ab vitae aut id saepe.</p><p>Inventore dolor vitae molestias ut. Veritatis quia ratione delectus ab. Praesentium quos saepe harum aut. Maiores aliquid quia est delectus.</p>', 31, 'publish', '2019-03-21 13:10:34', '2021-03-13 09:06:31'),
(131, 'Le plaisir de louer autrement', 'le-plaisir-de-louer-autrement', 'Voluptatem itaque voluptatum totam aut dolor. Necessitatibus et quaerat qui neque sed tenetur. Labore deleniti et repellendus.', '<p>Voluptatum dolorem iste est iure. Repellendus fugiat asperiores incidunt vero laudantium rerum. Id veritatis et earum dolorem vel ut. Sapiente nulla sit natus et debitis quasi reprehenderit.</p><p>Debitis itaque tempore molestiae fuga autem. Quidem cum neque optio est ratione. Doloribus animi omnis qui provident et. Excepturi cum inventore libero veritatis sit et provident.</p><p>Dolores distinctio voluptates voluptatum repudiandae omnis. Magni ex non voluptas animi nemo quod. Et perspiciatis molestiae rem aliquid ut eius. Velit aliquam est eius pariatur nihil autem dolore.</p><p>Voluptatem culpa quibusdam aliquid quasi excepturi tenetur consectetur. Ipsa tempore nostrum ullam optio iure optio. Nisi beatae sit ratione enim ad ad quia.</p><p>Maxime sequi ducimus error consectetur non molestiae non voluptates. Quo perspiciatis accusantium accusantium blanditiis velit quae. Cum quis incidunt alias quia perspiciatis ut asperiores officia. Esse modi sit soluta ut cumque laboriosam.</p>', 31, 'publish', '2019-01-31 18:05:24', '2021-03-13 09:06:31'),
(133, 'La sécurité de louer de manière sûre', 'la-securite-de-louer-de-maniere-sure', 'Est repellendus et quam repellendus et sed tenetur eaque. Similique sint a sint et quibusdam. A repellendus excepturi quisquam nostrum aut atque. Dolores nostrum nam sapiente perspiciatis vel ut.', '<p>Perspiciatis corrupti et qui quis eligendi a ad. Est ut eos porro tempora illum. Sequi et velit velit dolorum adipisci nulla dolore.</p><p>Sit earum ducimus dicta iusto. Et in eius eius quia. Maiores nesciunt atque molestias dicta. Sequi corporis ut dolorum explicabo vel.</p><p>Nostrum blanditiis iste iste impedit voluptatem sit. Consequatur iure eos pariatur omnis consequatur illo. Quas sed eius qui est voluptatum et. Magni quas et et occaecati enim laudantium.</p><p>Eos fugit voluptatem magni vel in qui voluptatem. Officia repudiandae eligendi quia dolores. Dolores adipisci voluptas sit. Unde nobis aut ex atque tempore eos tenetur.</p><p>Aut debitis qui at quo rerum. Optio enim nobis quo quasi ut quaerat. Suscipit et voluptatum non magni a voluptatem architecto. Vitae et sed eos sunt quasi dolore non. Soluta minus dolor nisi quos recusandae.</p>', 31, 'draft', '2019-04-27 12:38:02', '2021-03-26 14:42:14'),
(134, 'Le droit d\'atteindre vos buts plus facilement', 'le-droit-d-atteindre-vos-buts-plus-facilement', 'Dolore harum assumenda harum qui laudantium non sint dolor. Est odit iusto et sint aliquam reprehenderit. Qui sed velit nisi cumque. Qui non modi error quibusdam reiciendis.', '<p>Exercitationem labore officia quia ut quam nobis quasi odio. Consectetur aut sint occaecati cumque quae quia ut. Eligendi dolor officiis velit facere voluptatem. Magni ullam et quisquam exercitationem. Qui non aliquam mollitia quod.</p><p>Eum nihil aliquid officiis dolor. Quis iste voluptatem nihil ullam ullam totam. Quis vel impedit ab.</p><p>Non et odit eveniet fuga sit. Sit est dolorem consectetur veniam in voluptatem praesentium. Ut suscipit ex ullam et.</p><p>Incidunt cumque quo ullam non. Eos et accusamus sed. Laborum molestiae distinctio architecto qui est qui minima reprehenderit. Est doloremque enim delectus natus voluptatum ad.</p><p>Necessitatibus tempore similique eveniet minus. Error laborum mollitia sequi commodi. Doloremque et qui et optio incidunt.</p>', 31, 'publish', '2019-01-08 04:37:40', '2021-03-13 09:06:31'),
(135, 'La simplicité de changer plus rapidement', 'la-simplicite-de-changer-plus-rapidement', 'Sit qui itaque maxime quibusdam. Saepe aliquid exercitationem suscipit blanditiis sunt consequatur voluptatum. Velit repellat autem quos ut odio qui. Adipisci accusantium et assumenda.', '<p>Doloremque voluptatem cumque odit id. Consequuntur ipsum et occaecati culpa ipsam consectetur. Facere et saepe et omnis amet. Laudantium ipsa quia voluptate aut fuga iure qui.</p><p>Nulla molestiae quae voluptas neque. Dolor dolor nihil dolorem officia. Beatae qui nisi voluptas iste consequuntur libero.</p><p>Sed ut est quibusdam facilis. Dolore corporis recusandae dolores odit. Ipsam assumenda repellendus totam aliquid aliquam ullam laudantium.</p><p>Numquam a a quidem illum. Voluptatum cum aut animi distinctio et voluptatum. Aliquid quasi earum rerum quibusdam aut dolores accusantium. Et mollitia quis ratione et quia rem.</p><p>Recusandae amet eius facere at temporibus asperiores quasi autem. Necessitatibus aut culpa dolores rerum repellendus quam dolore. Aut est asperiores id qui consequatur ea nostrum. Eum expedita distinctio consequatur iure voluptas.</p>', 31, 'publish', '2019-02-24 09:07:06', '2021-03-13 09:06:31'),
(137, 'La possibilité d\'atteindre vos buts en toute sécurité', 'la-possibilite-d-atteindre-vos-buts-en-toute-securite', 'Magnam nostrum ut enim cumque expedita provident ut. Aut eum ut omnis explicabo pariatur ut eius quas. Odio ex fugit natus similique sint libero. Consectetur ut fugit maxime voluptas ea.', '<p><strong>Quasi quas saepe voluptatem debitis. Earum deleniti repellat ut tempore molestiae saepe necessitatibus. Est sunt numquam ea rerum quam.</strong></p>\r\n<p>Suscipit et molestiae deleniti eius beatae. Qui omnis corrupti quibusdam sint. Earum repellat quod quis ex alias quae. Eum est voluptatibus et vel.</p>\r\n<p>Voluptas et culpa et. Enim iste non architecto modi voluptas. Eos corrupti provident et delectus. Aut nihil excepturi totam reprehenderit illum cum explicabo.</p>\r\n<p>Sed voluptatem saepe pariatur. Necessitatibus tempora corporis aut dignissimos optio. Minus beatae pariatur voluptas sint est dolore.</p>\r\n<p>Quasi tempora impedit omnis sed ut modi. Minus hic vel doloremque provident fuga quia facere. Soluta id et saepe quis autem autem velit est.</p>', 31, 'draft', '2019-01-28 01:25:46', '2021-06-15 07:02:14'),
(138, 'La simplicité d\'atteindre vos buts en toute tranquilité', 'la-simplicite-d-atteindre-vos-buts-en-toute-tranquillite', 'Atque exercitationem tempora repellat non. Omnis delectus incidunt vitae labore. Quis ut soluta voluptatem nulla quia aut molestias illo. Aut dolor inventore doloribus suscipit aperiam. Perferendis dignissimos maiores mollitia illo.', '<p>Necessitatibus cumque molestiae odio. Quasi nihil minus beatae quia mollitia. Atque a officia fugiat aliquam. Voluptas aut consequatur repellat ut nihil quis. Quo nostrum architecto sed rem.</p><p>Quo est est sequi in accusamus asperiores. Tenetur dolorum deserunt amet quam cum. Et quod voluptas cum atque dicta aut aut. Et similique sunt placeat rem esse. Alias minus iure excepturi qui excepturi.</p><p>Vero ut natus quam fuga asperiores. Earum quia voluptates ullam. Aut cumque est enim quibusdam beatae quibusdam.</p><p>Dolor non recusandae optio quis culpa voluptas modi neque. Quia magnam ut quis eos illo magni exercitationem. Facere neque quaerat a quos exercitationem. Velit esse itaque est repudiandae ut.</p><p>Rerum temporibus distinctio et atque. Minima accusantium et quam officia qui. Rerum voluptas fugit deleniti assumenda voluptatibus accusantium quae. Praesentium ut quo aut velit.</p>', 31, 'publish', '2019-04-09 21:40:11', '2021-03-13 09:06:31'),
(140, 'La possibilité d\'avancer plus facilement', 'la-possibilite-d-avancer-plus-facilement', 'Praesentium dolores rerum officiis culpa alias. Doloribus consequatur in ipsum perferendis. Voluptatem dolores aut consequatur corporis dolores vel quod nemo. Quis quis id ratione. Id dolores ut consequatur quam.', '<p>Molestias voluptatem optio et laborum enim. Provident doloribus similique esse officia at sequi odio. Est et ut ea et sunt accusantium.</p><p>Qui assumenda nam minima totam debitis. Architecto nobis sit tenetur aliquam velit rerum voluptas quisquam. Voluptates aut qui placeat optio.</p><p>Maiores soluta odit exercitationem qui. Quia perferendis ipsam repellat est iste dolores aperiam quis. Voluptatem quos aliquid dolorum pariatur repellendus suscipit. Quas sit est quod quos non.</p><p>Qui quod in qui commodi voluptates suscipit. Officia qui vitae neque distinctio provident molestias fugiat corrupti. Quam deleniti vero rerum qui corporis et similique.</p><p>Quia officiis beatae et voluptatem soluta ut. Aut incidunt et veritatis tempore suscipit. Quam expedita excepturi aut culpa aut ab. Totam maxime voluptates beatae aut. Qui quam quisquam nostrum nihil beatae.</p>', 31, 'publish', '2019-04-14 14:32:06', '2021-03-13 09:06:31'),
(166, 'MME', 'mme', 'test', '<p>test</p>', 31, 'intrash', '2021-07-14 14:12:15', '2021-07-23 14:20:53'),
(167, 'test', 'test', 'test', '<p>test</p>', 31, 'publish', '2021-09-09 13:37:26', '2021-09-10 07:26:18');

-- --------------------------------------------------------

--
-- Structure de la table `users`
--

DROP TABLE IF EXISTS `users`;
CREATE TABLE IF NOT EXISTS `users` (
  `id` int(11) NOT NULL AUTO_INCREMENT,
  `first_name` varchar(255) NOT NULL,
  `last_name` varchar(255) NOT NULL,
  `email` varchar(255) NOT NULL,
  `password` varchar(255) NOT NULL,
  `status` enum('user','admin','not confirmed') NOT NULL,
  `created_at` datetime NOT NULL DEFAULT CURRENT_TIMESTAMP,
  `modify_at` datetime NOT NULL DEFAULT CURRENT_TIMESTAMP,
  `token` varchar(255) DEFAULT NULL,
  PRIMARY KEY (`id`)
) ENGINE=InnoDB AUTO_INCREMENT=88 DEFAULT CHARSET=latin1;

--
-- Déchargement des données de la table `users`
--

INSERT INTO `users` (`id`, `first_name`, `last_name`, `email`, `password`, `status`, `created_at`, `modify_at`, `token`) VALUES
(2, 'Gabriel', 'Godard', 'zmichel@ifrance.com', '$2y$10$9tNLXCaviv6RvoPe324x1uweHIRI/aBd7ORghGSCnFhl9cLFf8McS', 'user', '2021-03-11 13:56:53', '2021-06-11 09:57:21', '60c31983a8ae2ds'),
(4, 'Isaac', 'Gimenez', 'tguillot@marty.fr', '$2y$10$9tNLXCaviv6RvoPe324x1uweHIRI/aBd7ORghGSCnFhl9cLFf8McS', 'user', '2021-03-11 13:56:53', '2021-06-11 09:57:21', '60c31983a8ae2sqd'),
(5, 'Noël', 'Diaz', 'bdavid@deoliveira.fr', '$2y$10$9tNLXCaviv6RvoPe324x1uweHIRI/aBd7ORghGSCnFhl9cLFf8McS', 'user', '2021-03-11 13:56:53', '2021-06-11 09:57:21', '60c31983a8ae2zaeaz'),
(6, 'Gilbert', 'Moreau', 'martin.isabelle@dijoux.fr', '$2y$10$9tNLXCaviv6RvoPe324x1uweHIRI/aBd7ORghGSCnFhl9cLFf8McS', 'user', '2021-03-11 13:56:53', '2021-06-11 09:57:21', '60c31983a8ae2tyye'),
(7, 'Georges', 'Perrot', 'timothee.benoit@voila.fr', '$2y$10$9tNLXCaviv6RvoPe324x1uweHIRI/aBd7ORghGSCnFhl9cLFf8McS', 'user', '2021-03-11 13:56:53', '2021-06-11 09:57:21', '60c31983a8ae2qze'),
(8, 'Alfred', 'Leclerc', 'kpoirier@dbmail.com', '$2y$10$9tNLXCaviv6RvoPe324x1uweHIRI/aBd7ORghGSCnFhl9cLFf8McS', 'user', '2021-03-11 13:56:53', '2021-06-11 09:57:21', '60c31983a8ae2ezer'),
(9, 'Marc', 'Bernard', 'sbarbe@roy.com', '$2y$10$9tNLXCaviv6RvoPe324x1uweHIRI/aBd7ORghGSCnFhl9cLFf8McS', 'user', '2021-03-11 13:56:53', '2021-06-11 09:57:21', '60c31983a8ae2aze'),
(10, 'Rémy', 'Marin', 'wguillaume@gmail.com', '$2y$10$9tNLXCaviv6RvoPe324x1uweHIRI/aBd7ORghGSCnFhl9cLFf8McS', 'user', '2021-03-11 13:56:53', '2021-06-11 09:57:21', '60c31983a8ae2gzerz'),
(12, 'David', 'Daniel', 'gilbert56@marie.com', '$2y$10$9tNLXCaviv6RvoPe324x1uweHIRI/aBd7ORghGSCnFhl9cLFf8McS', 'user', '2021-03-11 13:56:53', '2021-06-11 09:57:21', '60c31983a8ae2zaza'),
(13, 'Théophile', 'Dupre', 'emmanuelle92@free.fr', '$2y$10$9tNLXCaviv6RvoPe324x1uweHIRI/aBd7ORghGSCnFhl9cLFf8McS', 'user', '2021-03-11 13:56:53', '2021-06-11 09:57:21', '60c31983eaa8ae2ezrz'),
(14, 'Émile', 'Masse', 'marcel04@voila.fr', '$2y$10$9tNLXCaviv6RvoPe324x1uweHIRI/aBd7ORghGSCnFhl9cLFf8McS', 'user', '2021-03-11 13:56:53', '2021-06-11 09:57:21', '60c31983a8ae2qzezegg'),
(15, 'Brigitte', 'Hoarau', 'pierre08@moreno.fr', '$2y$10$9tNLXCaviv6RvoPe324x1uweHIRI/aBd7ORghGSCnFhl9cLFf8McS', 'user', '2021-03-11 13:56:53', '2021-06-11 09:57:21', '60c31983a8ae2zerqe'),
(16, 'Lucie', 'Rousset', 'lorraine25@live.com', '$2y$10$9tNLXCaviv6RvoPe324x1uweHIRI/aBd7ORghGSCnFhl9cLFf8McS', 'user', '2021-03-11 13:56:53', '2021-06-11 09:57:21', 'geer60c31983a8ae2'),
(17, 'Vincent', 'Chevallier', 'nath.remy@tele2.fr', '$2y$10$9tNLXCaviv6RvoPe324x1uweHIRI/aBd7ORghGSCnFhl9cLFf8McS', 'user', '2021-03-11 13:56:53', '2021-06-11 09:57:21', 'sqR60c31983a8ae2'),
(18, 'Thierry', 'Samson', 'odupont@gimenez.com', '$2y$10$9tNLXCaviv6RvoPe324x1uweHIRI/aBd7ORghGSCnFhl9cLFf8McS', 'user', '2021-03-11 13:56:53', '2021-06-11 09:57:21', '60c31983a8ae2WSEDZE'),
(19, 'Susanna', 'Allard', 'guillaume.marechal@charles.com', '$2y$10$9tNLXCaviv6RvoPe324x1uweHIRI/aBd7ORghGSCnFhl9cLFf8McS', 'user', '2021-03-11 13:56:53', '2021-06-15 16:40:25', ''),
(20, 'Céline', 'Bourdon', 'vfernandes@vincent.com', '$2y$10$9tNLXCaviv6RvoPe324x1uweHIRI/aBd7ORghGSCnFhl9cLFf8McS', 'user', '2021-03-11 13:56:53', '2021-06-11 09:57:21', ''),
(21, 'Élise', 'Bazin', 'bernadette26@tiscali.fr', '$2y$10$9tNLXCaviv6RvoPe324x1uweHIRI/aBd7ORghGSCnFhl9cLFf8McS', 'user', '2021-03-11 13:56:53', '2021-06-11 09:57:21', ''),
(22, 'Paulette', 'Bodin', 'hubert.adele@barbier.net', '$2y$10$9tNLXCaviv6RvoPe324x1uweHIRI/aBd7ORghGSCnFhl9cLFf8McS', 'user', '2021-03-11 13:56:53', '2021-06-11 09:57:21', ''),
(23, 'Alphonse', 'Lecomte', 'valerie.tessier@gillet.com', '$2y$10$9tNLXCaviv6RvoPe324x1uweHIRI/aBd7ORghGSCnFhl9cLFf8McS', 'user', '2021-03-11 13:56:53', '2021-06-11 09:57:21', ''),
(24, 'Lucy', 'Bourgeois', 'marchal.laurent@free.fr', '$2y$10$9tNLXCaviv6RvoPe324x1uweHIRI/aBd7ORghGSCnFhl9cLFf8McS', 'user', '2021-03-11 13:56:53', '2021-06-11 09:57:21', ''),
(25, 'Amélie', 'Pons', 'gerard47@launay.com', '$2y$10$9tNLXCaviv6RvoPe324x1uweHIRI/aBd7ORghGSCnFhl9cLFf8McS', 'user', '2021-03-11 13:56:53', '2021-06-11 09:57:21', ''),
(26, 'Guillaume', 'Guillou', 'tessier.thierry@sfr.fr', '$2y$10$9tNLXCaviv6RvoPe324x1uweHIRI/aBd7ORghGSCnFhl9cLFf8McS', 'user', '2021-03-11 13:56:53', '2021-06-11 09:57:21', ''),
(27, 'Gabrielle', 'Perrin', 'jules33@wanadoo.fr', '$2y$10$9tNLXCaviv6RvoPe324x1uweHIRI/aBd7ORghGSCnFhl9cLFf8McS', 'user', '2021-03-11 13:56:53', '2021-06-11 09:57:21', ''),
(28, 'Élise', 'Delahaye', 'david.noel@loiseau.org', '$2y$10$9tNLXCaviv6RvoPe324x1uweHIRI/aBd7ORghGSCnFhl9cLFf8McS', 'user', '2021-03-11 13:56:53', '2021-06-11 09:57:21', ''),
(29, 'François', 'Martel', 'wlemaitre@rodriguez.org', '$2y$10$9tNLXCaviv6RvoPe324x1uweHIRI/aBd7ORghGSCnFhl9cLFf8McS', 'user', '2021-03-11 13:56:53', '2021-06-11 09:57:21', ''),
(30, 'William', 'Lacombe', 'bailly.marguerite@clement.fr', '$2y$10$9tNLXCaviv6RvoPe324x1uweHIRI/aBd7ORghGSCnFhl9cLFf8McS', 'user', '2021-03-11 13:56:53', '2021-06-11 09:57:21', ''),
(31, 'Alexandra', 'Rochette', 'axelr.apl@gmail.com', '$2y$10$zCtOogzJeyA22GJ9fv1Z3.EpvHJEh5XYi0YC8xRfEzXP2.4ax9xYq', 'admin', '2021-03-12 00:00:00', '2021-09-10 10:37:19', '60c31983a8ae2'),
(32, 'lucie', 'Pujol', 'lucie@gmail.com', '$2y$10$ope6vmNvV5.yYXiEFSbjV.0HmilpxCxaL2u2pl3ivhPBSJ4gKFrO6', 'user', '2021-03-26 11:12:25', '2021-06-11 09:57:21', ''),
(33, 'Sophie', 'Dupont', 'd.sophie@gmail.com', '$2y$10$Nr9Ie6WoUpRc2zFvhfQ3O.Hlc9Ew6Op6wVsIrr8flVW2phuiTZQqi', 'user', '2021-03-26 11:13:37', '2021-06-11 09:57:21', ''),
(44, 'Marie', 'Meyer', 'mmeyer@gmail.com', '$2y$10$J0vsPYVdI8zRmbjAcrlQa.PjlJJ2jDa1yioW4T2qOj0f81pyM.v1.', 'user', '2021-06-11 09:10:11', '2021-06-11 09:57:21', ''),
(45, 'Sophie', 'Laho', 'slaho@gmail.com', '$2y$10$CS81/jppZzvh1xSK/7PFRu7EMn88xExODPMkP.yQR28X21d/C.mg.', 'user', '2021-06-11 09:15:04', '2021-06-11 09:57:21', ''),
(46, 'Sylvie', 'mehi', 'smehi@gmail.com', '$2y$10$Re0mEpc4vpqCSfgjlOrMvOnRIrlKjg92Yr0xfgBYLSVxanU3fJeEC', 'user', '2021-06-11 09:27:25', '2021-06-11 09:57:21', ''),
(47, 'Amir', 'Boka', 'aboka@gmail.com', '$2y$10$hiXWg7MANi/GbT7t80OAhOui7B3VNdJDtZGh1dHK8ogLxmLP4uZc2', 'user', '2021-06-11 10:03:44', '2021-06-11 10:03:44', NULL),
(48, 'Liar', 'Mohar', 'lmohar@gmail.com', '$2y$10$2TnVDHP.06b.luL3iGgq9eH9GnmRlmEIHlS2IeDD7PidfLruDUvKG', 'user', '2021-06-11 10:06:27', '2021-06-11 10:10:00', '60c31983a8ae5'),
(49, 'Manon', 'louis', 'mlouis@gmail.com', '$2y$10$o3o2WVCTwO3yjdf6AFfosepqA7q18w8MukaVopz6DNcvRXKcWH98m', 'user', '2021-06-11 10:11:58', '2021-06-11 10:31:29', '60c31acdf1e16'),
(50, 'Alex', 'Rochette', 'louis.gilles@dbmail.com', '$2y$10$Up..LWrqqa5mGYwvJqtJyeV8DkzJI4UpxFsbMN1a4DSfgqLT3poQy', 'not confirmed', '2021-06-11 10:32:01', '2021-06-11 10:32:22', '60c31f816b1b5'),
(51, 'marie', 'dupont', 'mdupont@gmail.com', '$2y$10$o3mg9G4s5hpiyki5qJEdC.kcj0i9/8x9yCmBoa1H4hYEnHvzHMruy', 'user', '2021-06-16 19:15:02', '2021-06-16 19:15:34', '60ca31966a584'),
(52, 'Roger', 'Marel', 'rmarel@gmail.com', '$2y$10$gcLo1uSPVWMNa7fHS2mzaOV7/8LAoc9QB6QCB1XouO2OjJJHJjogO', 'not confirmed', '2021-06-18 09:14:34', '2021-06-18 09:14:34', '60cc47dab8d0b'),
(53, 'Roger', 'Marele', 'rmarele@gmail.com', '$2y$10$wOEWUQ5N3cGr9lDEbL.i7.kHkVl6lo.MjS8pI6IxnNF60afVg8gvS', 'not confirmed', '2021-06-18 09:22:01', '2021-06-18 09:22:01', '60cc4999246c0'),
(71, 'Kevin', 'Monito', 'kmonito@gmail.com', '$2y$10$j8z/t.o4IV/b2RvNzuB31uLILP2S4a1MJddDVhRfD9bi7eZxQVUSq', 'user', '2021-06-18 14:41:00', '2021-06-18 14:41:12', '60cc945c6f520'),
(72, 'Marc', 'Pois', 'mpois@gmail.com', '$2y$10$SO7ZIJPe5Hk2tal0xFOZ2evSGuJhYwHM35XOCpFumm3ZV5TwbHdEC', 'not confirmed', '2021-06-18 14:43:19', '2021-06-18 14:43:19', '60cc94e737a09'),
(73, 'Ingrid', 'Descamps', 'idescamps@gmail.com', '$2y$10$fvmPutu1tlWzjSLvRcS.KOwM9pOpuyXaiCP6szAC79WUz6xZGCCXe', 'not confirmed', '2021-06-18 14:46:03', '2021-06-18 14:46:03', '60cc958b0d342'),
(74, 'Bénédicte', 'Lafont', 'blafont@gmail.com', '$2y$10$Sofwc.2KbcfUR9VcjOEqhu/.9J.zxx/y2sIsbspiu/EU73QswKNVm', 'user', '2021-06-18 14:47:13', '2021-06-18 14:47:24', '60cc95d10e4e0'),
(75, 'Laurie', 'Michot', 'lmichot@gmail.com', '$2y$10$TIRZT0jtbmOeKaHO9FjVFusiLAmtWBmhtgezD/PZO338l602/xtDu', 'not confirmed', '2021-06-18 15:09:18', '2021-06-18 15:09:18', '60cc9afdf2c8f'),
(77, 'Melissa', 'Rochet', 'mrochet@gmail.com', '$2y$10$Vrmue.lBU3/X21c2B3KiZOQ7PRJLHfOZRqmOGb6mJxtYYcKBDrzHS', 'not confirmed', '2021-07-14 14:58:52', '2021-07-14 14:58:52', '60eedf8cd4d95');

--
-- Contraintes pour les tables déchargées
--

--
-- Contraintes pour la table `comments`
--
ALTER TABLE `comments`
  ADD CONSTRAINT `fk_article_id` FOREIGN KEY (`article_id`) REFERENCES `posts` (`id`) ON DELETE CASCADE,
  ADD CONSTRAINT `fk_author_comment` FOREIGN KEY (`author`) REFERENCES `users` (`id`) ON DELETE CASCADE;

--
-- Contraintes pour la table `posts`
--
ALTER TABLE `posts`
  ADD CONSTRAINT `fk_author` FOREIGN KEY (`author`) REFERENCES `users` (`id`) ON DELETE CASCADE ON UPDATE NO ACTION;
COMMIT;

/*!40101 SET CHARACTER_SET_CLIENT=@OLD_CHARACTER_SET_CLIENT */;
/*!40101 SET CHARACTER_SET_RESULTS=@OLD_CHARACTER_SET_RESULTS */;
/*!40101 SET COLLATION_CONNECTION=@OLD_COLLATION_CONNECTION */;
